atom_number,atom_name,residue_number,residue_three_letter,residue_one_letter
1,N,1,ALA,A
2,H1,1,ALA,A
3,H2,1,ALA,A
4,H3,1,ALA,A
5,CA,1,ALA,A
6,HA,1,ALA,A
7,CB,1,ALA,A
8,HB1,1,ALA,A
9,HB2,1,ALA,A
10,HB3,1,ALA,A
11,C,1,ALA,A
12,O,1,ALA,A
13,N,2,ASP,D
14,H,2,ASP,D
15,CA,2,ASP,D
16,HA,2,ASP,D
17,CB,2,ASP,D
18,HB1,2,ASP,D
19,HB2,2,ASP,D
20,CG,2,ASP,D
21,OD1,2,ASP,D
22,OD2,2,ASP,D
23,C,2,ASP,D
24,O,2,ASP,D
25,N,3,GLN,Q
26,H,3,GLN,Q
27,CA,3,GLN,Q
28,HA,3,GLN,Q
29,CB,3,GLN,Q
30,HB1,3,GLN,Q
31,HB2,3,GLN,Q
32,CG,3,GLN,Q
33,HG1,3,GLN,Q
34,HG2,3,GLN,Q
35,CD,3,GLN,Q
36,OE1,3,GLN,Q
37,NE2,3,GLN,Q
38,HE21,3,GLN,Q
39,HE22,3,GLN,Q
40,C,3,GLN,Q
41,O,3,GLN,Q
42,N,4,LEU,L
43,H,4,LEU,L
44,CA,4,LEU,L
45,HA,4,LEU,L
46,CB,4,LEU,L
47,HB1,4,LEU,L
48,HB2,4,LEU,L
49,CG,4,LEU,L
50,HG,4,LEU,L
51,CD1,4,LEU,L
52,HD11,4,LEU,L
53,HD12,4,LEU,L
54,HD13,4,LEU,L
55,CD2,4,LEU,L
56,HD21,4,LEU,L
57,HD22,4,LEU,L
58,HD23,4,LEU,L
59,C,4,LEU,L
60,O,4,LEU,L
61,N,5,THR,T
62,H,5,THR,T
63,CA,5,THR,T
64,HA,5,THR,T
65,CB,5,THR,T
66,HB,5,THR,T
67,CG2,5,THR,T
68,HG21,5,THR,T
69,HG22,5,THR,T
70,HG23,5,THR,T
71,OG1,5,THR,T
72,HG1,5,THR,T
73,C,5,THR,T
74,O,5,THR,T
75,N,6,GLU,E
76,H,6,GLU,E
77,CA,6,GLU,E
78,HA,6,GLU,E
79,CB,6,GLU,E
80,HB1,6,GLU,E
81,HB2,6,GLU,E
82,CG,6,GLU,E
83,HG1,6,GLU,E
84,HG2,6,GLU,E
85,CD,6,GLU,E
86,OE1,6,GLU,E
87,OE2,6,GLU,E
88,C,6,GLU,E
89,O,6,GLU,E
90,N,7,GLU,E
91,H,7,GLU,E
92,CA,7,GLU,E
93,HA,7,GLU,E
94,CB,7,GLU,E
95,HB1,7,GLU,E
96,HB2,7,GLU,E
97,CG,7,GLU,E
98,HG1,7,GLU,E
99,HG2,7,GLU,E
100,CD,7,GLU,E
101,OE1,7,GLU,E
102,OE2,7,GLU,E
103,C,7,GLU,E
104,O,7,GLU,E
105,N,8,GLN,Q
106,H,8,GLN,Q
107,CA,8,GLN,Q
108,HA,8,GLN,Q
109,CB,8,GLN,Q
110,HB1,8,GLN,Q
111,HB2,8,GLN,Q
112,CG,8,GLN,Q
113,HG1,8,GLN,Q
114,HG2,8,GLN,Q
115,CD,8,GLN,Q
116,OE1,8,GLN,Q
117,NE2,8,GLN,Q
118,HE21,8,GLN,Q
119,HE22,8,GLN,Q
120,C,8,GLN,Q
121,O,8,GLN,Q
122,N,9,ILE,I
123,H,9,ILE,I
124,CA,9,ILE,I
125,HA,9,ILE,I
126,CB,9,ILE,I
127,HB,9,ILE,I
128,CG2,9,ILE,I
129,HG21,9,ILE,I
130,HG22,9,ILE,I
131,HG23,9,ILE,I
132,CG1,9,ILE,I
133,HG11,9,ILE,I
134,HG12,9,ILE,I
135,CD,9,ILE,I
136,HD1,9,ILE,I
137,HD2,9,ILE,I
138,HD3,9,ILE,I
139,C,9,ILE,I
140,O,9,ILE,I
141,N,10,ALA,A
142,H,10,ALA,A
143,CA,10,ALA,A
144,HA,10,ALA,A
145,CB,10,ALA,A
146,HB1,10,ALA,A
147,HB2,10,ALA,A
148,HB3,10,ALA,A
149,C,10,ALA,A
150,O,10,ALA,A
151,N,11,GLU,E
152,H,11,GLU,E
153,CA,11,GLU,E
154,HA,11,GLU,E
155,CB,11,GLU,E
156,HB1,11,GLU,E
157,HB2,11,GLU,E
158,CG,11,GLU,E
159,HG1,11,GLU,E
160,HG2,11,GLU,E
161,CD,11,GLU,E
162,OE1,11,GLU,E
163,OE2,11,GLU,E
164,C,11,GLU,E
165,O,11,GLU,E
166,N,12,PHE,F
167,H,12,PHE,F
168,CA,12,PHE,F
169,HA,12,PHE,F
170,CB,12,PHE,F
171,HB1,12,PHE,F
172,HB2,12,PHE,F
173,CG,12,PHE,F
174,CD1,12,PHE,F
175,HD1,12,PHE,F
176,CE1,12,PHE,F
177,HE1,12,PHE,F
178,CZ,12,PHE,F
179,HZ,12,PHE,F
180,CE2,12,PHE,F
181,HE2,12,PHE,F
182,CD2,12,PHE,F
183,HD2,12,PHE,F
184,C,12,PHE,F
185,O,12,PHE,F
186,N,13,LYS,K
187,H,13,LYS,K
188,CA,13,LYS,K
189,HA,13,LYS,K
190,CB,13,LYS,K
191,HB1,13,LYS,K
192,HB2,13,LYS,K
193,CG,13,LYS,K
194,HG1,13,LYS,K
195,HG2,13,LYS,K
196,CD,13,LYS,K
197,HD1,13,LYS,K
198,HD2,13,LYS,K
199,CE,13,LYS,K
200,HE1,13,LYS,K
201,HE2,13,LYS,K
202,NZ,13,LYS,K
203,HZ1,13,LYS,K
204,HZ2,13,LYS,K
205,HZ3,13,LYS,K
206,C,13,LYS,K
207,O,13,LYS,K
208,N,14,GLU,E
209,H,14,GLU,E
210,CA,14,GLU,E
211,HA,14,GLU,E
212,CB,14,GLU,E
213,HB1,14,GLU,E
214,HB2,14,GLU,E
215,CG,14,GLU,E
216,HG1,14,GLU,E
217,HG2,14,GLU,E
218,CD,14,GLU,E
219,OE1,14,GLU,E
220,OE2,14,GLU,E
221,C,14,GLU,E
222,O,14,GLU,E
223,N,15,ALA,A
224,H,15,ALA,A
225,CA,15,ALA,A
226,HA,15,ALA,A
227,CB,15,ALA,A
228,HB1,15,ALA,A
229,HB2,15,ALA,A
230,HB3,15,ALA,A
231,C,15,ALA,A
232,O,15,ALA,A
233,N,16,PHE,F
234,H,16,PHE,F
235,CA,16,PHE,F
236,HA,16,PHE,F
237,CB,16,PHE,F
238,HB1,16,PHE,F
239,HB2,16,PHE,F
240,CG,16,PHE,F
241,CD1,16,PHE,F
242,HD1,16,PHE,F
243,CE1,16,PHE,F
244,HE1,16,PHE,F
245,CZ,16,PHE,F
246,HZ,16,PHE,F
247,CE2,16,PHE,F
248,HE2,16,PHE,F
249,CD2,16,PHE,F
250,HD2,16,PHE,F
251,C,16,PHE,F
252,O,16,PHE,F
253,N,17,SER,S
254,H,17,SER,S
255,CA,17,SER,S
256,HA,17,SER,S
257,CB,17,SER,S
258,HB1,17,SER,S
259,HB2,17,SER,S
260,OG,17,SER,S
261,HG,17,SER,S
262,C,17,SER,S
263,O,17,SER,S
264,N,18,LEU,L
265,H,18,LEU,L
266,CA,18,LEU,L
267,HA,18,LEU,L
268,CB,18,LEU,L
269,HB1,18,LEU,L
270,HB2,18,LEU,L
271,CG,18,LEU,L
272,HG,18,LEU,L
273,CD1,18,LEU,L
274,HD11,18,LEU,L
275,HD12,18,LEU,L
276,HD13,18,LEU,L
277,CD2,18,LEU,L
278,HD21,18,LEU,L
279,HD22,18,LEU,L
280,HD23,18,LEU,L
281,C,18,LEU,L
282,O,18,LEU,L
283,N,19,PHE,F
284,H,19,PHE,F
285,CA,19,PHE,F
286,HA,19,PHE,F
287,CB,19,PHE,F
288,HB1,19,PHE,F
289,HB2,19,PHE,F
290,CG,19,PHE,F
291,CD1,19,PHE,F
292,HD1,19,PHE,F
293,CE1,19,PHE,F
294,HE1,19,PHE,F
295,CZ,19,PHE,F
296,HZ,19,PHE,F
297,CE2,19,PHE,F
298,HE2,19,PHE,F
299,CD2,19,PHE,F
300,HD2,19,PHE,F
301,C,19,PHE,F
302,O,19,PHE,F
303,N,20,ASP,D
304,H,20,ASP,D
305,CA,20,ASP,D
306,HA,20,ASP,D
307,CB,20,ASP,D
308,HB1,20,ASP,D
309,HB2,20,ASP,D
310,CG,20,ASP,D
311,OD1,20,ASP,D
312,OD2,20,ASP,D
313,C,20,ASP,D
314,O,20,ASP,D
315,N,21,LYS,K
316,H,21,LYS,K
317,CA,21,LYS,K
318,HA,21,LYS,K
319,CB,21,LYS,K
320,HB1,21,LYS,K
321,HB2,21,LYS,K
322,CG,21,LYS,K
323,HG1,21,LYS,K
324,HG2,21,LYS,K
325,CD,21,LYS,K
326,HD1,21,LYS,K
327,HD2,21,LYS,K
328,CE,21,LYS,K
329,HE1,21,LYS,K
330,HE2,21,LYS,K
331,NZ,21,LYS,K
332,HZ1,21,LYS,K
333,HZ2,21,LYS,K
334,HZ3,21,LYS,K
335,C,21,LYS,K
336,O,21,LYS,K
337,N,22,ASP,D
338,H,22,ASP,D
339,CA,22,ASP,D
340,HA,22,ASP,D
341,CB,22,ASP,D
342,HB1,22,ASP,D
343,HB2,22,ASP,D
344,CG,22,ASP,D
345,OD1,22,ASP,D
346,OD2,22,ASP,D
347,C,22,ASP,D
348,O,22,ASP,D
349,N,23,GLY,G
350,H,23,GLY,G
351,CA,23,GLY,G
352,HA1,23,GLY,G
353,HA2,23,GLY,G
354,C,23,GLY,G
355,O,23,GLY,G
356,N,24,ASP,D
357,H,24,ASP,D
358,CA,24,ASP,D
359,HA,24,ASP,D
360,CB,24,ASP,D
361,HB1,24,ASP,D
362,HB2,24,ASP,D
363,CG,24,ASP,D
364,OD1,24,ASP,D
365,OD2,24,ASP,D
366,C,24,ASP,D
367,O,24,ASP,D
368,N,25,GLY,G
369,H,25,GLY,G
370,CA,25,GLY,G
371,HA1,25,GLY,G
372,HA2,25,GLY,G
373,C,25,GLY,G
374,O,25,GLY,G
375,N,26,THR,T
376,H,26,THR,T
377,CA,26,THR,T
378,HA,26,THR,T
379,CB,26,THR,T
380,HB,26,THR,T
381,CG2,26,THR,T
382,HG21,26,THR,T
383,HG22,26,THR,T
384,HG23,26,THR,T
385,OG1,26,THR,T
386,HG1,26,THR,T
387,C,26,THR,T
388,O,26,THR,T
389,N,27,ILE,I
390,H,27,ILE,I
391,CA,27,ILE,I
392,HA,27,ILE,I
393,CB,27,ILE,I
394,HB,27,ILE,I
395,CG2,27,ILE,I
396,HG21,27,ILE,I
397,HG22,27,ILE,I
398,HG23,27,ILE,I
399,CG1,27,ILE,I
400,HG11,27,ILE,I
401,HG12,27,ILE,I
402,CD,27,ILE,I
403,HD1,27,ILE,I
404,HD2,27,ILE,I
405,HD3,27,ILE,I
406,C,27,ILE,I
407,O,27,ILE,I
408,N,28,THR,T
409,H,28,THR,T
410,CA,28,THR,T
411,HA,28,THR,T
412,CB,28,THR,T
413,HB,28,THR,T
414,CG2,28,THR,T
415,HG21,28,THR,T
416,HG22,28,THR,T
417,HG23,28,THR,T
418,OG1,28,THR,T
419,HG1,28,THR,T
420,C,28,THR,T
421,O,28,THR,T
422,N,29,THR,T
423,H,29,THR,T
424,CA,29,THR,T
425,HA,29,THR,T
426,CB,29,THR,T
427,HB,29,THR,T
428,CG2,29,THR,T
429,HG21,29,THR,T
430,HG22,29,THR,T
431,HG23,29,THR,T
432,OG1,29,THR,T
433,HG1,29,THR,T
434,C,29,THR,T
435,O,29,THR,T
436,N,30,LYS,K
437,H,30,LYS,K
438,CA,30,LYS,K
439,HA,30,LYS,K
440,CB,30,LYS,K
441,HB1,30,LYS,K
442,HB2,30,LYS,K
443,CG,30,LYS,K
444,HG1,30,LYS,K
445,HG2,30,LYS,K
446,CD,30,LYS,K
447,HD1,30,LYS,K
448,HD2,30,LYS,K
449,CE,30,LYS,K
450,HE1,30,LYS,K
451,HE2,30,LYS,K
452,NZ,30,LYS,K
453,HZ1,30,LYS,K
454,HZ2,30,LYS,K
455,HZ3,30,LYS,K
456,C,30,LYS,K
457,O,30,LYS,K
458,N,31,GLU,E
459,H,31,GLU,E
460,CA,31,GLU,E
461,HA,31,GLU,E
462,CB,31,GLU,E
463,HB1,31,GLU,E
464,HB2,31,GLU,E
465,CG,31,GLU,E
466,HG1,31,GLU,E
467,HG2,31,GLU,E
468,CD,31,GLU,E
469,OE1,31,GLU,E
470,OE2,31,GLU,E
471,C,31,GLU,E
472,O,31,GLU,E
473,N,32,LEU,L
474,H,32,LEU,L
475,CA,32,LEU,L
476,HA,32,LEU,L
477,CB,32,LEU,L
478,HB1,32,LEU,L
479,HB2,32,LEU,L
480,CG,32,LEU,L
481,HG,32,LEU,L
482,CD1,32,LEU,L
483,HD11,32,LEU,L
484,HD12,32,LEU,L
485,HD13,32,LEU,L
486,CD2,32,LEU,L
487,HD21,32,LEU,L
488,HD22,32,LEU,L
489,HD23,32,LEU,L
490,C,32,LEU,L
491,O,32,LEU,L
492,N,33,GLY,G
493,H,33,GLY,G
494,CA,33,GLY,G
495,HA1,33,GLY,G
496,HA2,33,GLY,G
497,C,33,GLY,G
498,O,33,GLY,G
499,N,34,THR,T
500,H,34,THR,T
501,CA,34,THR,T
502,HA,34,THR,T
503,CB,34,THR,T
504,HB,34,THR,T
505,CG2,34,THR,T
506,HG21,34,THR,T
507,HG22,34,THR,T
508,HG23,34,THR,T
509,OG1,34,THR,T
510,HG1,34,THR,T
511,C,34,THR,T
512,O,34,THR,T
513,N,35,VAL,V
514,H,35,VAL,V
515,CA,35,VAL,V
516,HA,35,VAL,V
517,CB,35,VAL,V
518,HB,35,VAL,V
519,CG1,35,VAL,V
520,HG11,35,VAL,V
521,HG12,35,VAL,V
522,HG13,35,VAL,V
523,CG2,35,VAL,V
524,HG21,35,VAL,V
525,HG22,35,VAL,V
526,HG23,35,VAL,V
527,C,35,VAL,V
528,O,35,VAL,V
529,N,36,MET,M
530,H,36,MET,M
531,CA,36,MET,M
532,HA,36,MET,M
533,CB,36,MET,M
534,HB1,36,MET,M
535,HB2,36,MET,M
536,CG,36,MET,M
537,HG1,36,MET,M
538,HG2,36,MET,M
539,SD,36,MET,M
540,CE,36,MET,M
541,HE1,36,MET,M
542,HE2,36,MET,M
543,HE3,36,MET,M
544,C,36,MET,M
545,O,36,MET,M
546,N,37,ARG,R
547,H,37,ARG,R
548,CA,37,ARG,R
549,HA,37,ARG,R
550,CB,37,ARG,R
551,HB1,37,ARG,R
552,HB2,37,ARG,R
553,CG,37,ARG,R
554,HG1,37,ARG,R
555,HG2,37,ARG,R
556,CD,37,ARG,R
557,HD1,37,ARG,R
558,HD2,37,ARG,R
559,NE,37,ARG,R
560,HE,37,ARG,R
561,CZ,37,ARG,R
562,NH1,37,ARG,R
563,HH11,37,ARG,R
564,HH12,37,ARG,R
565,NH2,37,ARG,R
566,HH21,37,ARG,R
567,HH22,37,ARG,R
568,C,37,ARG,R
569,O,37,ARG,R
570,N,38,SER,S
571,H,38,SER,S
572,CA,38,SER,S
573,HA,38,SER,S
574,CB,38,SER,S
575,HB1,38,SER,S
576,HB2,38,SER,S
577,OG,38,SER,S
578,HG,38,SER,S
579,C,38,SER,S
580,O,38,SER,S
581,N,39,LEU,L
582,H,39,LEU,L
583,CA,39,LEU,L
584,HA,39,LEU,L
585,CB,39,LEU,L
586,HB1,39,LEU,L
587,HB2,39,LEU,L
588,CG,39,LEU,L
589,HG,39,LEU,L
590,CD1,39,LEU,L
591,HD11,39,LEU,L
592,HD12,39,LEU,L
593,HD13,39,LEU,L
594,CD2,39,LEU,L
595,HD21,39,LEU,L
596,HD22,39,LEU,L
597,HD23,39,LEU,L
598,C,39,LEU,L
599,O,39,LEU,L
600,N,40,GLY,G
601,H,40,GLY,G
602,CA,40,GLY,G
603,HA1,40,GLY,G
604,HA2,40,GLY,G
605,C,40,GLY,G
606,O,40,GLY,G
607,N,41,GLN,Q
608,H,41,GLN,Q
609,CA,41,GLN,Q
610,HA,41,GLN,Q
611,CB,41,GLN,Q
612,HB1,41,GLN,Q
613,HB2,41,GLN,Q
614,CG,41,GLN,Q
615,HG1,41,GLN,Q
616,HG2,41,GLN,Q
617,CD,41,GLN,Q
618,OE1,41,GLN,Q
619,NE2,41,GLN,Q
620,HE21,41,GLN,Q
621,HE22,41,GLN,Q
622,C,41,GLN,Q
623,O,41,GLN,Q
624,N,42,ASN,N
625,H,42,ASN,N
626,CA,42,ASN,N
627,HA,42,ASN,N
628,CB,42,ASN,N
629,HB1,42,ASN,N
630,HB2,42,ASN,N
631,CG,42,ASN,N
632,OD1,42,ASN,N
633,ND2,42,ASN,N
634,HD21,42,ASN,N
635,HD22,42,ASN,N
636,C,42,ASN,N
637,O,42,ASN,N
638,N,43,PRO,P
639,CD,43,PRO,P
640,HD1,43,PRO,P
641,HD2,43,PRO,P
642,CG,43,PRO,P
643,HG1,43,PRO,P
644,HG2,43,PRO,P
645,CB,43,PRO,P
646,HB1,43,PRO,P
647,HB2,43,PRO,P
648,CA,43,PRO,P
649,HA,43,PRO,P
650,C,43,PRO,P
651,O,43,PRO,P
652,N,44,THR,T
653,H,44,THR,T
654,CA,44,THR,T
655,HA,44,THR,T
656,CB,44,THR,T
657,HB,44,THR,T
658,CG2,44,THR,T
659,HG21,44,THR,T
660,HG22,44,THR,T
661,HG23,44,THR,T
662,OG1,44,THR,T
663,HG1,44,THR,T
664,C,44,THR,T
665,O,44,THR,T
666,N,45,GLU,E
667,H,45,GLU,E
668,CA,45,GLU,E
669,HA,45,GLU,E
670,CB,45,GLU,E
671,HB1,45,GLU,E
672,HB2,45,GLU,E
673,CG,45,GLU,E
674,HG1,45,GLU,E
675,HG2,45,GLU,E
676,CD,45,GLU,E
677,OE1,45,GLU,E
678,OE2,45,GLU,E
679,C,45,GLU,E
680,O,45,GLU,E
681,N,46,ALA,A
682,H,46,ALA,A
683,CA,46,ALA,A
684,HA,46,ALA,A
685,CB,46,ALA,A
686,HB1,46,ALA,A
687,HB2,46,ALA,A
688,HB3,46,ALA,A
689,C,46,ALA,A
690,O,46,ALA,A
691,N,47,GLU,E
692,H,47,GLU,E
693,CA,47,GLU,E
694,HA,47,GLU,E
695,CB,47,GLU,E
696,HB1,47,GLU,E
697,HB2,47,GLU,E
698,CG,47,GLU,E
699,HG1,47,GLU,E
700,HG2,47,GLU,E
701,CD,47,GLU,E
702,OE1,47,GLU,E
703,OE2,47,GLU,E
704,C,47,GLU,E
705,O,47,GLU,E
706,N,48,LEU,L
707,H,48,LEU,L
708,CA,48,LEU,L
709,HA,48,LEU,L
710,CB,48,LEU,L
711,HB1,48,LEU,L
712,HB2,48,LEU,L
713,CG,48,LEU,L
714,HG,48,LEU,L
715,CD1,48,LEU,L
716,HD11,48,LEU,L
717,HD12,48,LEU,L
718,HD13,48,LEU,L
719,CD2,48,LEU,L
720,HD21,48,LEU,L
721,HD22,48,LEU,L
722,HD23,48,LEU,L
723,C,48,LEU,L
724,O,48,LEU,L
725,N,49,GLN,Q
726,H,49,GLN,Q
727,CA,49,GLN,Q
728,HA,49,GLN,Q
729,CB,49,GLN,Q
730,HB1,49,GLN,Q
731,HB2,49,GLN,Q
732,CG,49,GLN,Q
733,HG1,49,GLN,Q
734,HG2,49,GLN,Q
735,CD,49,GLN,Q
736,OE1,49,GLN,Q
737,NE2,49,GLN,Q
738,HE21,49,GLN,Q
739,HE22,49,GLN,Q
740,C,49,GLN,Q
741,O,49,GLN,Q
742,N,50,ASP,D
743,H,50,ASP,D
744,CA,50,ASP,D
745,HA,50,ASP,D
746,CB,50,ASP,D
747,HB1,50,ASP,D
748,HB2,50,ASP,D
749,CG,50,ASP,D
750,OD1,50,ASP,D
751,OD2,50,ASP,D
752,C,50,ASP,D
753,O,50,ASP,D
754,N,51,MET,M
755,H,51,MET,M
756,CA,51,MET,M
757,HA,51,MET,M
758,CB,51,MET,M
759,HB1,51,MET,M
760,HB2,51,MET,M
761,CG,51,MET,M
762,HG1,51,MET,M
763,HG2,51,MET,M
764,SD,51,MET,M
765,CE,51,MET,M
766,HE1,51,MET,M
767,HE2,51,MET,M
768,HE3,51,MET,M
769,C,51,MET,M
770,O,51,MET,M
771,N,52,ILE,I
772,H,52,ILE,I
773,CA,52,ILE,I
774,HA,52,ILE,I
775,CB,52,ILE,I
776,HB,52,ILE,I
777,CG2,52,ILE,I
778,HG21,52,ILE,I
779,HG22,52,ILE,I
780,HG23,52,ILE,I
781,CG1,52,ILE,I
782,HG11,52,ILE,I
783,HG12,52,ILE,I
784,CD,52,ILE,I
785,HD1,52,ILE,I
786,HD2,52,ILE,I
787,HD3,52,ILE,I
788,C,52,ILE,I
789,O,52,ILE,I
790,N,53,ASN,N
791,H,53,ASN,N
792,CA,53,ASN,N
793,HA,53,ASN,N
794,CB,53,ASN,N
795,HB1,53,ASN,N
796,HB2,53,ASN,N
797,CG,53,ASN,N
798,OD1,53,ASN,N
799,ND2,53,ASN,N
800,HD21,53,ASN,N
801,HD22,53,ASN,N
802,C,53,ASN,N
803,O,53,ASN,N
804,N,54,GLU,E
805,H,54,GLU,E
806,CA,54,GLU,E
807,HA,54,GLU,E
808,CB,54,GLU,E
809,HB1,54,GLU,E
810,HB2,54,GLU,E
811,CG,54,GLU,E
812,HG1,54,GLU,E
813,HG2,54,GLU,E
814,CD,54,GLU,E
815,OE1,54,GLU,E
816,OE2,54,GLU,E
817,C,54,GLU,E
818,O,54,GLU,E
819,N,55,VAL,V
820,H,55,VAL,V
821,CA,55,VAL,V
822,HA,55,VAL,V
823,CB,55,VAL,V
824,HB,55,VAL,V
825,CG1,55,VAL,V
826,HG11,55,VAL,V
827,HG12,55,VAL,V
828,HG13,55,VAL,V
829,CG2,55,VAL,V
830,HG21,55,VAL,V
831,HG22,55,VAL,V
832,HG23,55,VAL,V
833,C,55,VAL,V
834,O,55,VAL,V
835,N,56,ASP,D
836,H,56,ASP,D
837,CA,56,ASP,D
838,HA,56,ASP,D
839,CB,56,ASP,D
840,HB1,56,ASP,D
841,HB2,56,ASP,D
842,CG,56,ASP,D
843,OD1,56,ASP,D
844,OD2,56,ASP,D
845,C,56,ASP,D
846,O,56,ASP,D
847,N,57,ALA,A
848,H,57,ALA,A
849,CA,57,ALA,A
850,HA,57,ALA,A
851,CB,57,ALA,A
852,HB1,57,ALA,A
853,HB2,57,ALA,A
854,HB3,57,ALA,A
855,C,57,ALA,A
856,O,57,ALA,A
857,N,58,ASP,D
858,H,58,ASP,D
859,CA,58,ASP,D
860,HA,58,ASP,D
861,CB,58,ASP,D
862,HB1,58,ASP,D
863,HB2,58,ASP,D
864,CG,58,ASP,D
865,OD1,58,ASP,D
866,OD2,58,ASP,D
867,C,58,ASP,D
868,O,58,ASP,D
869,N,59,GLY,G
870,H,59,GLY,G
871,CA,59,GLY,G
872,HA1,59,GLY,G
873,HA2,59,GLY,G
874,C,59,GLY,G
875,O,59,GLY,G
876,N,60,ASN,N
877,H,60,ASN,N
878,CA,60,ASN,N
879,HA,60,ASN,N
880,CB,60,ASN,N
881,HB1,60,ASN,N
882,HB2,60,ASN,N
883,CG,60,ASN,N
884,OD1,60,ASN,N
885,ND2,60,ASN,N
886,HD21,60,ASN,N
887,HD22,60,ASN,N
888,C,60,ASN,N
889,O,60,ASN,N
890,N,61,GLY,G
891,H,61,GLY,G
892,CA,61,GLY,G
893,HA1,61,GLY,G
894,HA2,61,GLY,G
895,C,61,GLY,G
896,O,61,GLY,G
897,N,62,THR,T
898,H,62,THR,T
899,CA,62,THR,T
900,HA,62,THR,T
901,CB,62,THR,T
902,HB,62,THR,T
903,CG2,62,THR,T
904,HG21,62,THR,T
905,HG22,62,THR,T
906,HG23,62,THR,T
907,OG1,62,THR,T
908,HG1,62,THR,T
909,C,62,THR,T
910,O,62,THR,T
911,N,63,ILE,I
912,H,63,ILE,I
913,CA,63,ILE,I
914,HA,63,ILE,I
915,CB,63,ILE,I
916,HB,63,ILE,I
917,CG2,63,ILE,I
918,HG21,63,ILE,I
919,HG22,63,ILE,I
920,HG23,63,ILE,I
921,CG1,63,ILE,I
922,HG11,63,ILE,I
923,HG12,63,ILE,I
924,CD,63,ILE,I
925,HD1,63,ILE,I
926,HD2,63,ILE,I
927,HD3,63,ILE,I
928,C,63,ILE,I
929,O,63,ILE,I
930,N,64,ASP,D
931,H,64,ASP,D
932,CA,64,ASP,D
933,HA,64,ASP,D
934,CB,64,ASP,D
935,HB1,64,ASP,D
936,HB2,64,ASP,D
937,CG,64,ASP,D
938,OD1,64,ASP,D
939,OD2,64,ASP,D
940,C,64,ASP,D
941,O,64,ASP,D
942,N,65,PHE,F
943,H,65,PHE,F
944,CA,65,PHE,F
945,HA,65,PHE,F
946,CB,65,PHE,F
947,HB1,65,PHE,F
948,HB2,65,PHE,F
949,CG,65,PHE,F
950,CD1,65,PHE,F
951,HD1,65,PHE,F
952,CE1,65,PHE,F
953,HE1,65,PHE,F
954,CZ,65,PHE,F
955,HZ,65,PHE,F
956,CE2,65,PHE,F
957,HE2,65,PHE,F
958,CD2,65,PHE,F
959,HD2,65,PHE,F
960,C,65,PHE,F
961,O,65,PHE,F
962,N,66,PRO,P
963,CD,66,PRO,P
964,HD1,66,PRO,P
965,HD2,66,PRO,P
966,CG,66,PRO,P
967,HG1,66,PRO,P
968,HG2,66,PRO,P
969,CB,66,PRO,P
970,HB1,66,PRO,P
971,HB2,66,PRO,P
972,CA,66,PRO,P
973,HA,66,PRO,P
974,C,66,PRO,P
975,O,66,PRO,P
976,N,67,GLU,E
977,H,67,GLU,E
978,CA,67,GLU,E
979,HA,67,GLU,E
980,CB,67,GLU,E
981,HB1,67,GLU,E
982,HB2,67,GLU,E
983,CG,67,GLU,E
984,HG1,67,GLU,E
985,HG2,67,GLU,E
986,CD,67,GLU,E
987,OE1,67,GLU,E
988,OE2,67,GLU,E
989,C,67,GLU,E
990,O,67,GLU,E
991,N,68,PHE,F
992,H,68,PHE,F
993,CA,68,PHE,F
994,HA,68,PHE,F
995,CB,68,PHE,F
996,HB1,68,PHE,F
997,HB2,68,PHE,F
998,CG,68,PHE,F
999,CD1,68,PHE,F
1000,HD1,68,PHE,F
1001,CE1,68,PHE,F
1002,HE1,68,PHE,F
1003,CZ,68,PHE,F
1004,HZ,68,PHE,F
1005,CE2,68,PHE,F
1006,HE2,68,PHE,F
1007,CD2,68,PHE,F
1008,HD2,68,PHE,F
1009,C,68,PHE,F
1010,O,68,PHE,F
1011,N,69,LEU,L
1012,H,69,LEU,L
1013,CA,69,LEU,L
1014,HA,69,LEU,L
1015,CB,69,LEU,L
1016,HB1,69,LEU,L
1017,HB2,69,LEU,L
1018,CG,69,LEU,L
1019,HG,69,LEU,L
1020,CD1,69,LEU,L
1021,HD11,69,LEU,L
1022,HD12,69,LEU,L
1023,HD13,69,LEU,L
1024,CD2,69,LEU,L
1025,HD21,69,LEU,L
1026,HD22,69,LEU,L
1027,HD23,69,LEU,L
1028,C,69,LEU,L
1029,O,69,LEU,L
1030,N,70,THR,T
1031,H,70,THR,T
1032,CA,70,THR,T
1033,HA,70,THR,T
1034,CB,70,THR,T
1035,HB,70,THR,T
1036,CG2,70,THR,T
1037,HG21,70,THR,T
1038,HG22,70,THR,T
1039,HG23,70,THR,T
1040,OG1,70,THR,T
1041,HG1,70,THR,T
1042,C,70,THR,T
1043,O,70,THR,T
1044,N,71,MET,M
1045,H,71,MET,M
1046,CA,71,MET,M
1047,HA,71,MET,M
1048,CB,71,MET,M
1049,HB1,71,MET,M
1050,HB2,71,MET,M
1051,CG,71,MET,M
1052,HG1,71,MET,M
1053,HG2,71,MET,M
1054,SD,71,MET,M
1055,CE,71,MET,M
1056,HE1,71,MET,M
1057,HE2,71,MET,M
1058,HE3,71,MET,M
1059,C,71,MET,M
1060,O,71,MET,M
1061,N,72,MET,M
1062,H,72,MET,M
1063,CA,72,MET,M
1064,HA,72,MET,M
1065,CB,72,MET,M
1066,HB1,72,MET,M
1067,HB2,72,MET,M
1068,CG,72,MET,M
1069,HG1,72,MET,M
1070,HG2,72,MET,M
1071,SD,72,MET,M
1072,CE,72,MET,M
1073,HE1,72,MET,M
1074,HE2,72,MET,M
1075,HE3,72,MET,M
1076,C,72,MET,M
1077,O,72,MET,M
1078,N,73,ALA,A
1079,H,73,ALA,A
1080,CA,73,ALA,A
1081,HA,73,ALA,A
1082,CB,73,ALA,A
1083,HB1,73,ALA,A
1084,HB2,73,ALA,A
1085,HB3,73,ALA,A
1086,C,73,ALA,A
1087,O,73,ALA,A
1088,N,74,ARG,R
1089,H,74,ARG,R
1090,CA,74,ARG,R
1091,HA,74,ARG,R
1092,CB,74,ARG,R
1093,HB1,74,ARG,R
1094,HB2,74,ARG,R
1095,CG,74,ARG,R
1096,HG1,74,ARG,R
1097,HG2,74,ARG,R
1098,CD,74,ARG,R
1099,HD1,74,ARG,R
1100,HD2,74,ARG,R
1101,NE,74,ARG,R
1102,HE,74,ARG,R
1103,CZ,74,ARG,R
1104,NH1,74,ARG,R
1105,HH11,74,ARG,R
1106,HH12,74,ARG,R
1107,NH2,74,ARG,R
1108,HH21,74,ARG,R
1109,HH22,74,ARG,R
1110,C,74,ARG,R
1111,O,74,ARG,R
1112,N,75,LYS,K
1113,H,75,LYS,K
1114,CA,75,LYS,K
1115,HA,75,LYS,K
1116,CB,75,LYS,K
1117,HB1,75,LYS,K
1118,HB2,75,LYS,K
1119,CG,75,LYS,K
1120,HG1,75,LYS,K
1121,HG2,75,LYS,K
1122,CD,75,LYS,K
1123,HD1,75,LYS,K
1124,HD2,75,LYS,K
1125,CE,75,LYS,K
1126,HE1,75,LYS,K
1127,HE2,75,LYS,K
1128,NZ,75,LYS,K
1129,HZ1,75,LYS,K
1130,HZ2,75,LYS,K
1131,HZ3,75,LYS,K
1132,C,75,LYS,K
1133,O,75,LYS,K
1134,N,76,MET,M
1135,H,76,MET,M
1136,CA,76,MET,M
1137,HA,76,MET,M
1138,CB,76,MET,M
1139,HB1,76,MET,M
1140,HB2,76,MET,M
1141,CG,76,MET,M
1142,HG1,76,MET,M
1143,HG2,76,MET,M
1144,SD,76,MET,M
1145,CE,76,MET,M
1146,HE1,76,MET,M
1147,HE2,76,MET,M
1148,HE3,76,MET,M
1149,C,76,MET,M
1150,O,76,MET,M
1151,N,77,LYS,K
1152,H,77,LYS,K
1153,CA,77,LYS,K
1154,HA,77,LYS,K
1155,CB,77,LYS,K
1156,HB1,77,LYS,K
1157,HB2,77,LYS,K
1158,CG,77,LYS,K
1159,HG1,77,LYS,K
1160,HG2,77,LYS,K
1161,CD,77,LYS,K
1162,HD1,77,LYS,K
1163,HD2,77,LYS,K
1164,CE,77,LYS,K
1165,HE1,77,LYS,K
1166,HE2,77,LYS,K
1167,NZ,77,LYS,K
1168,HZ1,77,LYS,K
1169,HZ2,77,LYS,K
1170,HZ3,77,LYS,K
1171,C,77,LYS,K
1172,O,77,LYS,K
1173,N,78,ASP,D
1174,H,78,ASP,D
1175,CA,78,ASP,D
1176,HA,78,ASP,D
1177,CB,78,ASP,D
1178,HB1,78,ASP,D
1179,HB2,78,ASP,D
1180,CG,78,ASP,D
1181,OD1,78,ASP,D
1182,OD2,78,ASP,D
1183,C,78,ASP,D
1184,O,78,ASP,D
1185,N,79,THR,T
1186,H,79,THR,T
1187,CA,79,THR,T
1188,HA,79,THR,T
1189,CB,79,THR,T
1190,HB,79,THR,T
1191,CG2,79,THR,T
1192,HG21,79,THR,T
1193,HG22,79,THR,T
1194,HG23,79,THR,T
1195,OG1,79,THR,T
1196,HG1,79,THR,T
1197,C,79,THR,T
1198,O,79,THR,T
1199,N,80,ASP,D
1200,H,80,ASP,D
1201,CA,80,ASP,D
1202,HA,80,ASP,D
1203,CB,80,ASP,D
1204,HB1,80,ASP,D
1205,HB2,80,ASP,D
1206,CG,80,ASP,D
1207,OD1,80,ASP,D
1208,OD2,80,ASP,D
1209,C,80,ASP,D
1210,O,80,ASP,D
1211,N,81,SER,S
1212,H,81,SER,S
1213,CA,81,SER,S
1214,HA,81,SER,S
1215,CB,81,SER,S
1216,HB1,81,SER,S
1217,HB2,81,SER,S
1218,OG,81,SER,S
1219,HG,81,SER,S
1220,C,81,SER,S
1221,O,81,SER,S
1222,N,82,GLU,E
1223,H,82,GLU,E
1224,CA,82,GLU,E
1225,HA,82,GLU,E
1226,CB,82,GLU,E
1227,HB1,82,GLU,E
1228,HB2,82,GLU,E
1229,CG,82,GLU,E
1230,HG1,82,GLU,E
1231,HG2,82,GLU,E
1232,CD,82,GLU,E
1233,OE1,82,GLU,E
1234,OE2,82,GLU,E
1235,C,82,GLU,E
1236,O,82,GLU,E
1237,N,83,GLU,E
1238,H,83,GLU,E
1239,CA,83,GLU,E
1240,HA,83,GLU,E
1241,CB,83,GLU,E
1242,HB1,83,GLU,E
1243,HB2,83,GLU,E
1244,CG,83,GLU,E
1245,HG1,83,GLU,E
1246,HG2,83,GLU,E
1247,CD,83,GLU,E
1248,OE1,83,GLU,E
1249,OE2,83,GLU,E
1250,C,83,GLU,E
1251,O,83,GLU,E
1252,N,84,GLU,E
1253,H,84,GLU,E
1254,CA,84,GLU,E
1255,HA,84,GLU,E
1256,CB,84,GLU,E
1257,HB1,84,GLU,E
1258,HB2,84,GLU,E
1259,CG,84,GLU,E
1260,HG1,84,GLU,E
1261,HG2,84,GLU,E
1262,CD,84,GLU,E
1263,OE1,84,GLU,E
1264,OE2,84,GLU,E
1265,C,84,GLU,E
1266,O,84,GLU,E
1267,N,85,ILE,I
1268,H,85,ILE,I
1269,CA,85,ILE,I
1270,HA,85,ILE,I
1271,CB,85,ILE,I
1272,HB,85,ILE,I
1273,CG2,85,ILE,I
1274,HG21,85,ILE,I
1275,HG22,85,ILE,I
1276,HG23,85,ILE,I
1277,CG1,85,ILE,I
1278,HG11,85,ILE,I
1279,HG12,85,ILE,I
1280,CD,85,ILE,I
1281,HD1,85,ILE,I
1282,HD2,85,ILE,I
1283,HD3,85,ILE,I
1284,C,85,ILE,I
1285,O,85,ILE,I
1286,N,86,ARG,R
1287,H,86,ARG,R
1288,CA,86,ARG,R
1289,HA,86,ARG,R
1290,CB,86,ARG,R
1291,HB1,86,ARG,R
1292,HB2,86,ARG,R
1293,CG,86,ARG,R
1294,HG1,86,ARG,R
1295,HG2,86,ARG,R
1296,CD,86,ARG,R
1297,HD1,86,ARG,R
1298,HD2,86,ARG,R
1299,NE,86,ARG,R
1300,HE,86,ARG,R
1301,CZ,86,ARG,R
1302,NH1,86,ARG,R
1303,HH11,86,ARG,R
1304,HH12,86,ARG,R
1305,NH2,86,ARG,R
1306,HH21,86,ARG,R
1307,HH22,86,ARG,R
1308,C,86,ARG,R
1309,O,86,ARG,R
1310,N,87,GLU,E
1311,H,87,GLU,E
1312,CA,87,GLU,E
1313,HA,87,GLU,E
1314,CB,87,GLU,E
1315,HB1,87,GLU,E
1316,HB2,87,GLU,E
1317,CG,87,GLU,E
1318,HG1,87,GLU,E
1319,HG2,87,GLU,E
1320,CD,87,GLU,E
1321,OE1,87,GLU,E
1322,OE2,87,GLU,E
1323,C,87,GLU,E
1324,O,87,GLU,E
1325,N,88,ALA,A
1326,H,88,ALA,A
1327,CA,88,ALA,A
1328,HA,88,ALA,A
1329,CB,88,ALA,A
1330,HB1,88,ALA,A
1331,HB2,88,ALA,A
1332,HB3,88,ALA,A
1333,C,88,ALA,A
1334,O,88,ALA,A
1335,N,89,PHE,F
1336,H,89,PHE,F
1337,CA,89,PHE,F
1338,HA,89,PHE,F
1339,CB,89,PHE,F
1340,HB1,89,PHE,F
1341,HB2,89,PHE,F
1342,CG,89,PHE,F
1343,CD1,89,PHE,F
1344,HD1,89,PHE,F
1345,CE1,89,PHE,F
1346,HE1,89,PHE,F
1347,CZ,89,PHE,F
1348,HZ,89,PHE,F
1349,CE2,89,PHE,F
1350,HE2,89,PHE,F
1351,CD2,89,PHE,F
1352,HD2,89,PHE,F
1353,C,89,PHE,F
1354,O,89,PHE,F
1355,N,90,ARG,R
1356,H,90,ARG,R
1357,CA,90,ARG,R
1358,HA,90,ARG,R
1359,CB,90,ARG,R
1360,HB1,90,ARG,R
1361,HB2,90,ARG,R
1362,CG,90,ARG,R
1363,HG1,90,ARG,R
1364,HG2,90,ARG,R
1365,CD,90,ARG,R
1366,HD1,90,ARG,R
1367,HD2,90,ARG,R
1368,NE,90,ARG,R
1369,HE,90,ARG,R
1370,CZ,90,ARG,R
1371,NH1,90,ARG,R
1372,HH11,90,ARG,R
1373,HH12,90,ARG,R
1374,NH2,90,ARG,R
1375,HH21,90,ARG,R
1376,HH22,90,ARG,R
1377,C,90,ARG,R
1378,O,90,ARG,R
1379,N,91,VAL,V
1380,H,91,VAL,V
1381,CA,91,VAL,V
1382,HA,91,VAL,V
1383,CB,91,VAL,V
1384,HB,91,VAL,V
1385,CG1,91,VAL,V
1386,HG11,91,VAL,V
1387,HG12,91,VAL,V
1388,HG13,91,VAL,V
1389,CG2,91,VAL,V
1390,HG21,91,VAL,V
1391,HG22,91,VAL,V
1392,HG23,91,VAL,V
1393,C,91,VAL,V
1394,O,91,VAL,V
1395,N,92,PHE,F
1396,H,92,PHE,F
1397,CA,92,PHE,F
1398,HA,92,PHE,F
1399,CB,92,PHE,F
1400,HB1,92,PHE,F
1401,HB2,92,PHE,F
1402,CG,92,PHE,F
1403,CD1,92,PHE,F
1404,HD1,92,PHE,F
1405,CE1,92,PHE,F
1406,HE1,92,PHE,F
1407,CZ,92,PHE,F
1408,HZ,92,PHE,F
1409,CE2,92,PHE,F
1410,HE2,92,PHE,F
1411,CD2,92,PHE,F
1412,HD2,92,PHE,F
1413,C,92,PHE,F
1414,O,92,PHE,F
1415,N,93,ASP,D
1416,H,93,ASP,D
1417,CA,93,ASP,D
1418,HA,93,ASP,D
1419,CB,93,ASP,D
1420,HB1,93,ASP,D
1421,HB2,93,ASP,D
1422,CG,93,ASP,D
1423,OD1,93,ASP,D
1424,OD2,93,ASP,D
1425,C,93,ASP,D
1426,O,93,ASP,D
1427,N,94,LYS,K
1428,H,94,LYS,K
1429,CA,94,LYS,K
1430,HA,94,LYS,K
1431,CB,94,LYS,K
1432,HB1,94,LYS,K
1433,HB2,94,LYS,K
1434,CG,94,LYS,K
1435,HG1,94,LYS,K
1436,HG2,94,LYS,K
1437,CD,94,LYS,K
1438,HD1,94,LYS,K
1439,HD2,94,LYS,K
1440,CE,94,LYS,K
1441,HE1,94,LYS,K
1442,HE2,94,LYS,K
1443,NZ,94,LYS,K
1444,HZ1,94,LYS,K
1445,HZ2,94,LYS,K
1446,HZ3,94,LYS,K
1447,C,94,LYS,K
1448,O,94,LYS,K
1449,N,95,ASP,D
1450,H,95,ASP,D
1451,CA,95,ASP,D
1452,HA,95,ASP,D
1453,CB,95,ASP,D
1454,HB1,95,ASP,D
1455,HB2,95,ASP,D
1456,CG,95,ASP,D
1457,OD1,95,ASP,D
1458,OD2,95,ASP,D
1459,C,95,ASP,D
1460,O,95,ASP,D
1461,N,96,GLY,G
1462,H,96,GLY,G
1463,CA,96,GLY,G
1464,HA1,96,GLY,G
1465,HA2,96,GLY,G
1466,C,96,GLY,G
1467,O,96,GLY,G
1468,N,97,ASN,N
1469,H,97,ASN,N
1470,CA,97,ASN,N
1471,HA,97,ASN,N
1472,CB,97,ASN,N
1473,HB1,97,ASN,N
1474,HB2,97,ASN,N
1475,CG,97,ASN,N
1476,OD1,97,ASN,N
1477,ND2,97,ASN,N
1478,HD21,97,ASN,N
1479,HD22,97,ASN,N
1480,C,97,ASN,N
1481,O,97,ASN,N
1482,N,98,GLY,G
1483,H,98,GLY,G
1484,CA,98,GLY,G
1485,HA1,98,GLY,G
1486,HA2,98,GLY,G
1487,C,98,GLY,G
1488,O,98,GLY,G
1489,N,99,TYR,Y
1490,H,99,TYR,Y
1491,CA,99,TYR,Y
1492,HA,99,TYR,Y
1493,CB,99,TYR,Y
1494,HB1,99,TYR,Y
1495,HB2,99,TYR,Y
1496,CG,99,TYR,Y
1497,CD1,99,TYR,Y
1498,HD1,99,TYR,Y
1499,CE1,99,TYR,Y
1500,HE1,99,TYR,Y
1501,CZ,99,TYR,Y
1502,OH,99,TYR,Y
1503,HH,99,TYR,Y
1504,CE2,99,TYR,Y
1505,HE2,99,TYR,Y
1506,CD2,99,TYR,Y
1507,HD2,99,TYR,Y
1508,C,99,TYR,Y
1509,O,99,TYR,Y
1510,N,100,ILE,I
1511,H,100,ILE,I
1512,CA,100,ILE,I
1513,HA,100,ILE,I
1514,CB,100,ILE,I
1515,HB,100,ILE,I
1516,CG2,100,ILE,I
1517,HG21,100,ILE,I
1518,HG22,100,ILE,I
1519,HG23,100,ILE,I
1520,CG1,100,ILE,I
1521,HG11,100,ILE,I
1522,HG12,100,ILE,I
1523,CD,100,ILE,I
1524,HD1,100,ILE,I
1525,HD2,100,ILE,I
1526,HD3,100,ILE,I
1527,C,100,ILE,I
1528,O,100,ILE,I
1529,N,101,SER,S
1530,H,101,SER,S
1531,CA,101,SER,S
1532,HA,101,SER,S
1533,CB,101,SER,S
1534,HB1,101,SER,S
1535,HB2,101,SER,S
1536,OG,101,SER,S
1537,HG,101,SER,S
1538,C,101,SER,S
1539,O,101,SER,S
1540,N,102,ALA,A
1541,H,102,ALA,A
1542,CA,102,ALA,A
1543,HA,102,ALA,A
1544,CB,102,ALA,A
1545,HB1,102,ALA,A
1546,HB2,102,ALA,A
1547,HB3,102,ALA,A
1548,C,102,ALA,A
1549,O,102,ALA,A
1550,N,103,ALA,A
1551,H,103,ALA,A
1552,CA,103,ALA,A
1553,HA,103,ALA,A
1554,CB,103,ALA,A
1555,HB1,103,ALA,A
1556,HB2,103,ALA,A
1557,HB3,103,ALA,A
1558,C,103,ALA,A
1559,O,103,ALA,A
1560,N,104,GLU,E
1561,H,104,GLU,E
1562,CA,104,GLU,E
1563,HA,104,GLU,E
1564,CB,104,GLU,E
1565,HB1,104,GLU,E
1566,HB2,104,GLU,E
1567,CG,104,GLU,E
1568,HG1,104,GLU,E
1569,HG2,104,GLU,E
1570,CD,104,GLU,E
1571,OE1,104,GLU,E
1572,OE2,104,GLU,E
1573,C,104,GLU,E
1574,O,104,GLU,E
1575,N,105,LEU,L
1576,H,105,LEU,L
1577,CA,105,LEU,L
1578,HA,105,LEU,L
1579,CB,105,LEU,L
1580,HB1,105,LEU,L
1581,HB2,105,LEU,L
1582,CG,105,LEU,L
1583,HG,105,LEU,L
1584,CD1,105,LEU,L
1585,HD11,105,LEU,L
1586,HD12,105,LEU,L
1587,HD13,105,LEU,L
1588,CD2,105,LEU,L
1589,HD21,105,LEU,L
1590,HD22,105,LEU,L
1591,HD23,105,LEU,L
1592,C,105,LEU,L
1593,O,105,LEU,L
1594,N,106,ARG,R
1595,H,106,ARG,R
1596,CA,106,ARG,R
1597,HA,106,ARG,R
1598,CB,106,ARG,R
1599,HB1,106,ARG,R
1600,HB2,106,ARG,R
1601,CG,106,ARG,R
1602,HG1,106,ARG,R
1603,HG2,106,ARG,R
1604,CD,106,ARG,R
1605,HD1,106,ARG,R
1606,HD2,106,ARG,R
1607,NE,106,ARG,R
1608,HE,106,ARG,R
1609,CZ,106,ARG,R
1610,NH1,106,ARG,R
1611,HH11,106,ARG,R
1612,HH12,106,ARG,R
1613,NH2,106,ARG,R
1614,HH21,106,ARG,R
1615,HH22,106,ARG,R
1616,C,106,ARG,R
1617,O,106,ARG,R
1618,N,107,HID,X
1619,H,107,HID,X
1620,CA,107,HID,X
1621,HA,107,HID,X
1622,CB,107,HID,X
1623,HB1,107,HID,X
1624,HB2,107,HID,X
1625,CG,107,HID,X
1626,ND1,107,HID,X
1627,HD1,107,HID,X
1628,CE1,107,HID,X
1629,HE1,107,HID,X
1630,NE2,107,HID,X
1631,CD2,107,HID,X
1632,HD2,107,HID,X
1633,C,107,HID,X
1634,O,107,HID,X
1635,N,108,VAL,V
1636,H,108,VAL,V
1637,CA,108,VAL,V
1638,HA,108,VAL,V
1639,CB,108,VAL,V
1640,HB,108,VAL,V
1641,CG1,108,VAL,V
1642,HG11,108,VAL,V
1643,HG12,108,VAL,V
1644,HG13,108,VAL,V
1645,CG2,108,VAL,V
1646,HG21,108,VAL,V
1647,HG22,108,VAL,V
1648,HG23,108,VAL,V
1649,C,108,VAL,V
1650,O,108,VAL,V
1651,N,109,MET,M
1652,H,109,MET,M
1653,CA,109,MET,M
1654,HA,109,MET,M
1655,CB,109,MET,M
1656,HB1,109,MET,M
1657,HB2,109,MET,M
1658,CG,109,MET,M
1659,HG1,109,MET,M
1660,HG2,109,MET,M
1661,SD,109,MET,M
1662,CE,109,MET,M
1663,HE1,109,MET,M
1664,HE2,109,MET,M
1665,HE3,109,MET,M
1666,C,109,MET,M
1667,O,109,MET,M
1668,N,110,THR,T
1669,H,110,THR,T
1670,CA,110,THR,T
1671,HA,110,THR,T
1672,CB,110,THR,T
1673,HB,110,THR,T
1674,CG2,110,THR,T
1675,HG21,110,THR,T
1676,HG22,110,THR,T
1677,HG23,110,THR,T
1678,OG1,110,THR,T
1679,HG1,110,THR,T
1680,C,110,THR,T
1681,O,110,THR,T
1682,N,111,ASN,N
1683,H,111,ASN,N
1684,CA,111,ASN,N
1685,HA,111,ASN,N
1686,CB,111,ASN,N
1687,HB1,111,ASN,N
1688,HB2,111,ASN,N
1689,CG,111,ASN,N
1690,OD1,111,ASN,N
1691,ND2,111,ASN,N
1692,HD21,111,ASN,N
1693,HD22,111,ASN,N
1694,C,111,ASN,N
1695,O,111,ASN,N
1696,N,112,LEU,L
1697,H,112,LEU,L
1698,CA,112,LEU,L
1699,HA,112,LEU,L
1700,CB,112,LEU,L
1701,HB1,112,LEU,L
1702,HB2,112,LEU,L
1703,CG,112,LEU,L
1704,HG,112,LEU,L
1705,CD1,112,LEU,L
1706,HD11,112,LEU,L
1707,HD12,112,LEU,L
1708,HD13,112,LEU,L
1709,CD2,112,LEU,L
1710,HD21,112,LEU,L
1711,HD22,112,LEU,L
1712,HD23,112,LEU,L
1713,C,112,LEU,L
1714,O,112,LEU,L
1715,N,113,GLY,G
1716,H,113,GLY,G
1717,CA,113,GLY,G
1718,HA1,113,GLY,G
1719,HA2,113,GLY,G
1720,C,113,GLY,G
1721,O,113,GLY,G
1722,N,114,GLU,E
1723,H,114,GLU,E
1724,CA,114,GLU,E
1725,HA,114,GLU,E
1726,CB,114,GLU,E
1727,HB1,114,GLU,E
1728,HB2,114,GLU,E
1729,CG,114,GLU,E
1730,HG1,114,GLU,E
1731,HG2,114,GLU,E
1732,CD,114,GLU,E
1733,OE1,114,GLU,E
1734,OE2,114,GLU,E
1735,C,114,GLU,E
1736,O,114,GLU,E
1737,N,115,LYS,K
1738,H,115,LYS,K
1739,CA,115,LYS,K
1740,HA,115,LYS,K
1741,CB,115,LYS,K
1742,HB1,115,LYS,K
1743,HB2,115,LYS,K
1744,CG,115,LYS,K
1745,HG1,115,LYS,K
1746,HG2,115,LYS,K
1747,CD,115,LYS,K
1748,HD1,115,LYS,K
1749,HD2,115,LYS,K
1750,CE,115,LYS,K
1751,HE1,115,LYS,K
1752,HE2,115,LYS,K
1753,NZ,115,LYS,K
1754,HZ1,115,LYS,K
1755,HZ2,115,LYS,K
1756,HZ3,115,LYS,K
1757,C,115,LYS,K
1758,O,115,LYS,K
1759,N,116,LEU,L
1760,H,116,LEU,L
1761,CA,116,LEU,L
1762,HA,116,LEU,L
1763,CB,116,LEU,L
1764,HB1,116,LEU,L
1765,HB2,116,LEU,L
1766,CG,116,LEU,L
1767,HG,116,LEU,L
1768,CD1,116,LEU,L
1769,HD11,116,LEU,L
1770,HD12,116,LEU,L
1771,HD13,116,LEU,L
1772,CD2,116,LEU,L
1773,HD21,116,LEU,L
1774,HD22,116,LEU,L
1775,HD23,116,LEU,L
1776,C,116,LEU,L
1777,O,116,LEU,L
1778,N,117,THR,T
1779,H,117,THR,T
1780,CA,117,THR,T
1781,HA,117,THR,T
1782,CB,117,THR,T
1783,HB,117,THR,T
1784,CG2,117,THR,T
1785,HG21,117,THR,T
1786,HG22,117,THR,T
1787,HG23,117,THR,T
1788,OG1,117,THR,T
1789,HG1,117,THR,T
1790,C,117,THR,T
1791,O,117,THR,T
1792,N,118,ASP,D
1793,H,118,ASP,D
1794,CA,118,ASP,D
1795,HA,118,ASP,D
1796,CB,118,ASP,D
1797,HB1,118,ASP,D
1798,HB2,118,ASP,D
1799,CG,118,ASP,D
1800,OD1,118,ASP,D
1801,OD2,118,ASP,D
1802,C,118,ASP,D
1803,O,118,ASP,D
1804,N,119,GLU,E
1805,H,119,GLU,E
1806,CA,119,GLU,E
1807,HA,119,GLU,E
1808,CB,119,GLU,E
1809,HB1,119,GLU,E
1810,HB2,119,GLU,E
1811,CG,119,GLU,E
1812,HG1,119,GLU,E
1813,HG2,119,GLU,E
1814,CD,119,GLU,E
1815,OE1,119,GLU,E
1816,OE2,119,GLU,E
1817,C,119,GLU,E
1818,O,119,GLU,E
1819,N,120,GLU,E
1820,H,120,GLU,E
1821,CA,120,GLU,E
1822,HA,120,GLU,E
1823,CB,120,GLU,E
1824,HB1,120,GLU,E
1825,HB2,120,GLU,E
1826,CG,120,GLU,E
1827,HG1,120,GLU,E
1828,HG2,120,GLU,E
1829,CD,120,GLU,E
1830,OE1,120,GLU,E
1831,OE2,120,GLU,E
1832,C,120,GLU,E
1833,O,120,GLU,E
1834,N,121,VAL,V
1835,H,121,VAL,V
1836,CA,121,VAL,V
1837,HA,121,VAL,V
1838,CB,121,VAL,V
1839,HB,121,VAL,V
1840,CG1,121,VAL,V
1841,HG11,121,VAL,V
1842,HG12,121,VAL,V
1843,HG13,121,VAL,V
1844,CG2,121,VAL,V
1845,HG21,121,VAL,V
1846,HG22,121,VAL,V
1847,HG23,121,VAL,V
1848,C,121,VAL,V
1849,O,121,VAL,V
1850,N,122,ASP,D
1851,H,122,ASP,D
1852,CA,122,ASP,D
1853,HA,122,ASP,D
1854,CB,122,ASP,D
1855,HB1,122,ASP,D
1856,HB2,122,ASP,D
1857,CG,122,ASP,D
1858,OD1,122,ASP,D
1859,OD2,122,ASP,D
1860,C,122,ASP,D
1861,O,122,ASP,D
1862,N,123,GLU,E
1863,H,123,GLU,E
1864,CA,123,GLU,E
1865,HA,123,GLU,E
1866,CB,123,GLU,E
1867,HB1,123,GLU,E
1868,HB2,123,GLU,E
1869,CG,123,GLU,E
1870,HG1,123,GLU,E
1871,HG2,123,GLU,E
1872,CD,123,GLU,E
1873,OE1,123,GLU,E
1874,OE2,123,GLU,E
1875,C,123,GLU,E
1876,O,123,GLU,E
1877,N,124,MET,M
1878,H,124,MET,M
1879,CA,124,MET,M
1880,HA,124,MET,M
1881,CB,124,MET,M
1882,HB1,124,MET,M
1883,HB2,124,MET,M
1884,CG,124,MET,M
1885,HG1,124,MET,M
1886,HG2,124,MET,M
1887,SD,124,MET,M
1888,CE,124,MET,M
1889,HE1,124,MET,M
1890,HE2,124,MET,M
1891,HE3,124,MET,M
1892,C,124,MET,M
1893,O,124,MET,M
1894,N,125,ILE,I
1895,H,125,ILE,I
1896,CA,125,ILE,I
1897,HA,125,ILE,I
1898,CB,125,ILE,I
1899,HB,125,ILE,I
1900,CG2,125,ILE,I
1901,HG21,125,ILE,I
1902,HG22,125,ILE,I
1903,HG23,125,ILE,I
1904,CG1,125,ILE,I
1905,HG11,125,ILE,I
1906,HG12,125,ILE,I
1907,CD,125,ILE,I
1908,HD1,125,ILE,I
1909,HD2,125,ILE,I
1910,HD3,125,ILE,I
1911,C,125,ILE,I
1912,O,125,ILE,I
1913,N,126,ARG,R
1914,H,126,ARG,R
1915,CA,126,ARG,R
1916,HA,126,ARG,R
1917,CB,126,ARG,R
1918,HB1,126,ARG,R
1919,HB2,126,ARG,R
1920,CG,126,ARG,R
1921,HG1,126,ARG,R
1922,HG2,126,ARG,R
1923,CD,126,ARG,R
1924,HD1,126,ARG,R
1925,HD2,126,ARG,R
1926,NE,126,ARG,R
1927,HE,126,ARG,R
1928,CZ,126,ARG,R
1929,NH1,126,ARG,R
1930,HH11,126,ARG,R
1931,HH12,126,ARG,R
1932,NH2,126,ARG,R
1933,HH21,126,ARG,R
1934,HH22,126,ARG,R
1935,C,126,ARG,R
1936,O,126,ARG,R
1937,N,127,GLU,E
1938,H,127,GLU,E
1939,CA,127,GLU,E
1940,HA,127,GLU,E
1941,CB,127,GLU,E
1942,HB1,127,GLU,E
1943,HB2,127,GLU,E
1944,CG,127,GLU,E
1945,HG1,127,GLU,E
1946,HG2,127,GLU,E
1947,CD,127,GLU,E
1948,OE1,127,GLU,E
1949,OE2,127,GLU,E
1950,C,127,GLU,E
1951,O,127,GLU,E
1952,N,128,ALA,A
1953,H,128,ALA,A
1954,CA,128,ALA,A
1955,HA,128,ALA,A
1956,CB,128,ALA,A
1957,HB1,128,ALA,A
1958,HB2,128,ALA,A
1959,HB3,128,ALA,A
1960,C,128,ALA,A
1961,O,128,ALA,A
1962,N,129,ASN,N
1963,H,129,ASN,N
1964,CA,129,ASN,N
1965,HA,129,ASN,N
1966,CB,129,ASN,N
1967,HB1,129,ASN,N
1968,HB2,129,ASN,N
1969,CG,129,ASN,N
1970,OD1,129,ASN,N
1971,ND2,129,ASN,N
1972,HD21,129,ASN,N
1973,HD22,129,ASN,N
1974,C,129,ASN,N
1975,O,129,ASN,N
1976,N,130,ILE,I
1977,H,130,ILE,I
1978,CA,130,ILE,I
1979,HA,130,ILE,I
1980,CB,130,ILE,I
1981,HB,130,ILE,I
1982,CG2,130,ILE,I
1983,HG21,130,ILE,I
1984,HG22,130,ILE,I
1985,HG23,130,ILE,I
1986,CG1,130,ILE,I
1987,HG11,130,ILE,I
1988,HG12,130,ILE,I
1989,CD,130,ILE,I
1990,HD1,130,ILE,I
1991,HD2,130,ILE,I
1992,HD3,130,ILE,I
1993,C,130,ILE,I
1994,O,130,ILE,I
1995,N,131,ASP,D
1996,H,131,ASP,D
1997,CA,131,ASP,D
1998,HA,131,ASP,D
1999,CB,131,ASP,D
2000,HB1,131,ASP,D
2001,HB2,131,ASP,D
2002,CG,131,ASP,D
2003,OD1,131,ASP,D
2004,OD2,131,ASP,D
2005,C,131,ASP,D
2006,O,131,ASP,D
2007,N,132,GLY,G
2008,H,132,GLY,G
2009,CA,132,GLY,G
2010,HA1,132,GLY,G
2011,HA2,132,GLY,G
2012,C,132,GLY,G
2013,O,132,GLY,G
2014,N,133,ASP,D
2015,H,133,ASP,D
2016,CA,133,ASP,D
2017,HA,133,ASP,D
2018,CB,133,ASP,D
2019,HB1,133,ASP,D
2020,HB2,133,ASP,D
2021,CG,133,ASP,D
2022,OD1,133,ASP,D
2023,OD2,133,ASP,D
2024,C,133,ASP,D
2025,O,133,ASP,D
2026,N,134,GLY,G
2027,H,134,GLY,G
2028,CA,134,GLY,G
2029,HA1,134,GLY,G
2030,HA2,134,GLY,G
2031,C,134,GLY,G
2032,O,134,GLY,G
2033,N,135,GLN,Q
2034,H,135,GLN,Q
2035,CA,135,GLN,Q
2036,HA,135,GLN,Q
2037,CB,135,GLN,Q
2038,HB1,135,GLN,Q
2039,HB2,135,GLN,Q
2040,CG,135,GLN,Q
2041,HG1,135,GLN,Q
2042,HG2,135,GLN,Q
2043,CD,135,GLN,Q
2044,OE1,135,GLN,Q
2045,NE2,135,GLN,Q
2046,HE21,135,GLN,Q
2047,HE22,135,GLN,Q
2048,C,135,GLN,Q
2049,O,135,GLN,Q
2050,N,136,VAL,V
2051,H,136,VAL,V
2052,CA,136,VAL,V
2053,HA,136,VAL,V
2054,CB,136,VAL,V
2055,HB,136,VAL,V
2056,CG1,136,VAL,V
2057,HG11,136,VAL,V
2058,HG12,136,VAL,V
2059,HG13,136,VAL,V
2060,CG2,136,VAL,V
2061,HG21,136,VAL,V
2062,HG22,136,VAL,V
2063,HG23,136,VAL,V
2064,C,136,VAL,V
2065,O,136,VAL,V
2066,N,137,ASN,N
2067,H,137,ASN,N
2068,CA,137,ASN,N
2069,HA,137,ASN,N
2070,CB,137,ASN,N
2071,HB1,137,ASN,N
2072,HB2,137,ASN,N
2073,CG,137,ASN,N
2074,OD1,137,ASN,N
2075,ND2,137,ASN,N
2076,HD21,137,ASN,N
2077,HD22,137,ASN,N
2078,C,137,ASN,N
2079,O,137,ASN,N
2080,N,138,TYR,Y
2081,H,138,TYR,Y
2082,CA,138,TYR,Y
2083,HA,138,TYR,Y
2084,CB,138,TYR,Y
2085,HB1,138,TYR,Y
2086,HB2,138,TYR,Y
2087,CG,138,TYR,Y
2088,CD1,138,TYR,Y
2089,HD1,138,TYR,Y
2090,CE1,138,TYR,Y
2091,HE1,138,TYR,Y
2092,CZ,138,TYR,Y
2093,OH,138,TYR,Y
2094,HH,138,TYR,Y
2095,CE2,138,TYR,Y
2096,HE2,138,TYR,Y
2097,CD2,138,TYR,Y
2098,HD2,138,TYR,Y
2099,C,138,TYR,Y
2100,O,138,TYR,Y
2101,N,139,GLU,E
2102,H,139,GLU,E
2103,CA,139,GLU,E
2104,HA,139,GLU,E
2105,CB,139,GLU,E
2106,HB1,139,GLU,E
2107,HB2,139,GLU,E
2108,CG,139,GLU,E
2109,HG1,139,GLU,E
2110,HG2,139,GLU,E
2111,CD,139,GLU,E
2112,OE1,139,GLU,E
2113,OE2,139,GLU,E
2114,C,139,GLU,E
2115,O,139,GLU,E
2116,N,140,GLU,E
2117,H,140,GLU,E
2118,CA,140,GLU,E
2119,HA,140,GLU,E
2120,CB,140,GLU,E
2121,HB1,140,GLU,E
2122,HB2,140,GLU,E
2123,CG,140,GLU,E
2124,HG1,140,GLU,E
2125,HG2,140,GLU,E
2126,CD,140,GLU,E
2127,OE1,140,GLU,E
2128,OE2,140,GLU,E
2129,C,140,GLU,E
2130,O,140,GLU,E
2131,N,141,PHE,F
2132,H,141,PHE,F
2133,CA,141,PHE,F
2134,HA,141,PHE,F
2135,CB,141,PHE,F
2136,HB1,141,PHE,F
2137,HB2,141,PHE,F
2138,CG,141,PHE,F
2139,CD1,141,PHE,F
2140,HD1,141,PHE,F
2141,CE1,141,PHE,F
2142,HE1,141,PHE,F
2143,CZ,141,PHE,F
2144,HZ,141,PHE,F
2145,CE2,141,PHE,F
2146,HE2,141,PHE,F
2147,CD2,141,PHE,F
2148,HD2,141,PHE,F
2149,C,141,PHE,F
2150,O,141,PHE,F
2151,N,142,VAL,V
2152,H,142,VAL,V
2153,CA,142,VAL,V
2154,HA,142,VAL,V
2155,CB,142,VAL,V
2156,HB,142,VAL,V
2157,CG1,142,VAL,V
2158,HG11,142,VAL,V
2159,HG12,142,VAL,V
2160,HG13,142,VAL,V
2161,CG2,142,VAL,V
2162,HG21,142,VAL,V
2163,HG22,142,VAL,V
2164,HG23,142,VAL,V
2165,C,142,VAL,V
2166,O,142,VAL,V
2167,N,143,GLN,Q
2168,H,143,GLN,Q
2169,CA,143,GLN,Q
2170,HA,143,GLN,Q
2171,CB,143,GLN,Q
2172,HB1,143,GLN,Q
2173,HB2,143,GLN,Q
2174,CG,143,GLN,Q
2175,HG1,143,GLN,Q
2176,HG2,143,GLN,Q
2177,CD,143,GLN,Q
2178,OE1,143,GLN,Q
2179,NE2,143,GLN,Q
2180,HE21,143,GLN,Q
2181,HE22,143,GLN,Q
2182,C,143,GLN,Q
2183,O,143,GLN,Q
2184,N,144,MET,M
2185,H,144,MET,M
2186,CA,144,MET,M
2187,HA,144,MET,M
2188,CB,144,MET,M
2189,HB1,144,MET,M
2190,HB2,144,MET,M
2191,CG,144,MET,M
2192,HG1,144,MET,M
2193,HG2,144,MET,M
2194,SD,144,MET,M
2195,CE,144,MET,M
2196,HE1,144,MET,M
2197,HE2,144,MET,M
2198,HE3,144,MET,M
2199,C,144,MET,M
2200,O,144,MET,M
2201,N,145,MET,M
2202,H,145,MET,M
2203,CA,145,MET,M
2204,HA,145,MET,M
2205,CB,145,MET,M
2206,HB1,145,MET,M
2207,HB2,145,MET,M
2208,CG,145,MET,M
2209,HG1,145,MET,M
2210,HG2,145,MET,M
2211,SD,145,MET,M
2212,CE,145,MET,M
2213,HE1,145,MET,M
2214,HE2,145,MET,M
2215,HE3,145,MET,M
2216,C,145,MET,M
2217,O,145,MET,M
2218,N,146,THR,T
2219,H,146,THR,T
2220,CA,146,THR,T
2221,HA,146,THR,T
2222,CB,146,THR,T
2223,HB,146,THR,T
2224,CG2,146,THR,T
2225,HG21,146,THR,T
2226,HG22,146,THR,T
2227,HG23,146,THR,T
2228,OG1,146,THR,T
2229,HG1,146,THR,T
2230,C,146,THR,T
2231,O,146,THR,T
2232,N,147,ALA,A
2233,H,147,ALA,A
2234,CA,147,ALA,A
2235,HA,147,ALA,A
2236,CB,147,ALA,A
2237,HB1,147,ALA,A
2238,HB2,147,ALA,A
2239,HB3,147,ALA,A
2240,C,147,ALA,A
2241,O,147,ALA,A
2242,N,148,LYS,K
2243,H,148,LYS,K
2244,CA,148,LYS,K
2245,HA,148,LYS,K
2246,CB,148,LYS,K
2247,HB1,148,LYS,K
2248,HB2,148,LYS,K
2249,CG,148,LYS,K
2250,HG1,148,LYS,K
2251,HG2,148,LYS,K
2252,CD,148,LYS,K
2253,HD1,148,LYS,K
2254,HD2,148,LYS,K
2255,CE,148,LYS,K
2256,HE1,148,LYS,K
2257,HE2,148,LYS,K
2258,NZ,148,LYS,K
2259,HZ1,148,LYS,K
2260,HZ2,148,LYS,K
2261,HZ3,148,LYS,K
2262,C,148,LYS,K
2263,OC1,148,LYS,K
2264,OC2,148,LYS,K
